School District,City,County,State,,,,,,,,,,"Aberdeen School District, Adna School District, Almira School District, Anacortes School District, Arlington School District, Asotin-Anatone School District, Auburn School District, Bainbridge Island School District, Battle Ground School District, Bellevue School District, Bellingham School District, Benge School District, Bethel School District, Bickleton School District, Blaine School District, Boistfort School District, Bremerton School District, Brewster School District, Bridgeport School District, Brinnon School District, Burlington-Edison School District, Camas School District, Cape Flattery School District, Carbonado School District, Cascade School District, Cashmere School District, Castle Rock School District, Centerville School District, Centralia School District, Central Kitsap School District, Central Valley School District, Chehalis School District, Cheney School District, Chewelah School District, Chimacum School District, Clarkston School District, Cle Elum-Roslyn School District, Clover Park School District, Colfax School District, College Place School District, Colton School District, Columbia School District (Stevens), Columbia School District (Walla Walla), Colville School District, Concrete School District, Conway School District, Cosmopolis School District, Coulee-Hartline School District, Coupeville School District, Crescent School District, Creston School District, Curlew School District, Cusick School District, Damman School District, Darrington School District, Davenport School District, Dayton School District, Deer Park School District, Dieringer School District, Dixie School District, Eastmont School District, Easton School District, East Valley School District (Spokane), East Valley School District (Yakima), Eatonville School District, Edmonds School District, Ellensburg School District, Elma School District, Endicott School District, Entiat School District, Enumclaw School District, Ephrata School District, Evaline School District, Everett Public Schools, Evergreen Public Schools (Clark), Evergreen School District (Stevens), Federal Way Public Schools, Ferndale School District, Fife Public Schools, Finley School District, Franklin Pierce School District, Freeman School District, Garfield School District, Glenwood School District, Goldendale School District, Grand Coulee Dam School District, Grandview School District, Granger School District, Granite Falls School District, Grapeview School District, Great Northern School District, Green Mountain School District, Griffin School District, Harrington School District, Highland School District, Highline Public Schools, Hockinson School District, Hood Canal School District, Hoquiam School District, Inchelium School District, Index School District, Issaquah School District, Kahlotus School District, Kalama School District, Keller School District, Kelso School District, Kennewick School District, Kent School District, Kettle Falls School District, Kiona-Benton City School District, Kittitas School District, Klickitat School District, La Center School District, La Conner School District, LaCrosse School District, Lake Chelan School District, Lake Quinault School District, Lake Stevens School District, Lake Washington School District, Lakewood School District, Lamont School District, Liberty School District, Lind School District, Longview Public Schools, Loon Lake School District, Lopez School District, Lyle School District, Lynden School District, Mabton School District, Mansfield School District, Manson School District, Mary M. Knight School District, Marysville School District, Mary Walker School District, McCleary School District, Mead School District, Medical Lake School District, Mercer Island School District, Meridian School District, Methow Valley School District, Mill A School District, Monroe School District, Montesano School District, Morton School District, Moses Lake School District, Mossyrock School District, Mount Adams School District, Mount Baker School District, Mount Pleasant School District, Mount Vernon School District, Mukilteo School District, Naches Valley School District, Napavine School District, Naselle-Grays River Valley School District, Nespelem School District, Newport School District, Nine Mile Falls School District, Nooksack Valley School District, North Beach School District, North Franklin School District, North Kitsap School District, North Mason School District, Northport School District, North River School District, Northshore School District, North Thurston Public Schools, Oakesdale School District, Oak Harbor School District, Oakville School District, Ocean Beach School District, Ocosta School District, Odessa School District, Okanogan School District, Olympia School District, Omak School District, Onalaska School District, Onion Creek School District, Orcas Island School District, Orchard Prairie School District, Orient School District, Orondo School District, Oroville School District, Orting School District, Othello School District, Palisades School District, Palouse School District, Pasco School District, Pateros School District, Paterson School District, Pe Ell School District, Peninsula School District, Pioneer School District, Pomeroy School District, Port Angeles School District, Port Townsend School District, Prescott School District, Prosser School District, Pullman School District, Puyallup School District, Queets-Clearwater School District, Quilcene School District, Quillayute Valley School District, Quincy School District, Rainier School District, Raymond School District, Reardan-Edwall School District, Renton School District, Republic School District, Richland School District, Ridgefield School District, Ritzville School District, Riverside School District, Riverview School District, Rochester School District, Roosevelt School District, Rosalia School District, Royal School District, San Juan Island School District, Satsop School District, Seattle Public Schools, Sedro-Woolley School District, Selah School District, Selkirk School District, Sequim School District, Shaw Island School District, Shelton School District, Shoreline School District, Skamania School District, Skykomish School District, Snohomish School District, Snoqualmie Valley School District, Soap Lake School District, South Bend School District, South Kitsap School District, Southside School District, South Whidbey School District, Spokane Public Schools, Sprague School District, Stanwood-Camano School District, Starbuck School District, Star School District, Stehekin School District, Steilacoom Historical School District, Steptoe School District, Stevenson-Carson School District, St. John School District, Sultan School District, Summit Valley School District, Sumner-Bonney Lake School District, Sunnyside School District, Tacoma Public Schools, Taholah School District, Tahoma School District, Tekoa School District, Tenino School District, Thorp School District, Toledo School District, Tonasket School District, Toppenish School District, Touchet School District, Toutle Lake School District, Trout Lake School District, Tukwila School District, Tumwater School District, Union Gap School District, University Place School District, Valley School District, Vancouver Public Schools, Vashon Island School District, Wahkiakum School District, Wahluke School District, Waitsburg School District, Walla Walla School District, Wapato School District, Warden School District, Washougal School District, Washtucna School District, Waterville School District, Wellpinit School District, Wenatchee School District, West Valley School District (Spokane), West Valley School District (Yakima), White Pass School District, White River School District, White Salmon Valley School District, Wilbur School District, Willapa Valley School District, Wilson Creek School District, Winlock School District, Wishkah Valley School District, Wishram School District, Woodland School District, Yakima School District, Yelm School District, Zillah School District"
Aberdeen School District,Aberdeen,Grays Harbor,Washington,,,,,,,,,,"Aberdeen, Adna, Almira, Anacortes, Arlington, Asotin, Auburn, Bainbridge Island, Battle Ground, Bellevue, Bellingham, Benge, Spanaway, Bickleton, Blaine, Curtis, Bremerton, Brewster, Bridgeport, Brinnon, Burlington, Camas, Sekiu, Carbonado, Leavenworth, Cashmere, Castle Rock, Centerville, Centralia, Silverdale, Spokane Valley, Chehalis, Cheney, Chewelah, Chimacum, Clarkston, Cle Elum, Lakewood, Colfax, College Place, Colton, Hunters, Burbank, Colville, Concrete, Mount Vernon, Cosmopolis, Coulee City, Coupeville, Joyce, Creston, Curlew, Cusick, Ellensburg, Darrington, Davenport, Dayton, Deer Park, Lake Tapps, Dixie, East Wenatchee, Easton, Spokane, Yakima, Eatonville, Lynnwood, Ellensburg, Elma, Endicott, Entiat, Enumclaw, Ephrata, Winlock, Everett, Vancouver, Kettle Falls, Federal Way, Ferndale, Fife, Kennewick, Tacoma, Rockford, Garfield, Glenwood, Goldendale, Coulee Dam, Grandview, Granger, Granite Falls, Grapeview, Spokane, Battle Ground, Olympia, Harrington, Cowiche, Burien, Battle Ground, Hoodsport, Hoquiam, Inchelium, Index, Issaquah, Kahlotus, Kalama, Keller, Kelso, Kennewick, Kent, Kettle Falls, Benton City, Kittitas, Klickitat, La Center, La Conner, LaCrosse, Chelan, Amanda Park, Lake Stevens, Redmond, Arlington, Lamont, Spangle, Lind, Longview, Loon Lake, Lopez Island, Lyle, Lynden, Mabton, Mansfield, Manson, Elma, Marysville, Springdale, McCleary, Spokane, Medical Lake, Mercer Island, Bellingham, Winthrop, White Salmon, Monroe, Montesano, Morton, Moses Lake, Mossyrock, Harrah, Deming, Washougal, Mount Vernon, Everett, Naches, Napavine, Naselle, Nespelem, Newport, Nine Mile Falls, Everson, Ocean Shores, Connell, Poulsbo, Belfair, Northport, Brooklyn, Bothell, Lacey, Oakesdale, Oak Harbor, Oakville, Long Beach, Westport, Odessa, Okanogan, Olympia, Omak, Onalaska, Colville, Eastsound, Spokane, Orient, Orondo, Oroville, Orting, Othello, Palisades, Palouse, Pasco, Pateros, Paterson, Pe Ell, Gig Harbor, Shelton, Pomeroy, Port Angeles, Port Townsend, Prescott, Prosser, Pullman, Puyallup, Forks, Quilcene, Forks, Quincy, Rainier, Raymond, Reardan, Renton, Republic, Richland, Ridgefield, Ritzville, Chattaroy, Carnation, Rochester, Roosevelt, Rosalia, Royal City, Friday Harbor, Satsop, Seattle, Sedro-Woolley, Selah, Ione, Sequim, Shaw Island, Shelton, Shoreline, Stevenson, Skykomish, Snohomish, Snoqualmie, Soap Lake, South Bend, Port Orchard, Shelton, Langley, Spokane, Sprague, Stanwood, Starbuck, Pasco, Stehekin, Steilacoom, Colfax, Stevenson, St. John, Sultan, Addy, Sumner, Sunnyside, Tacoma, Taholah, Maple Valley, Tekoa, Tenino, Thorp, Toledo, Tonasket, Toppenish, Touchet, Toutle, Trout Lake, Tukwila, Tumwater, Union Gap, University Place, Valley, Vancouver, Vashon, Cathlamet, Mattawa, Waitsburg, Walla Walla, Wapato, Warden, Washougal, Washtucna, Waterville, Wellpinit, Wenatchee, Spokane, Yakima, Randle, Buckley, White Salmon, Wilbur, Raymond, Wilson Creek, Winlock, Aberdeen, Wishram, Woodland, Yakima, Yelm, Zillah"
Adna School District,Adna,Lewis,Washington,,,,,,,,,,"Grays Harbor, Lewis, Lincoln, Skagit, Snohomish, Asotin, King, Kitsap, Clark, King, Whatcom, Adams, Pierce, Klickitat, Whatcom, Lewis, Kitsap, Okanogan, Douglas, Jefferson, Skagit, Clark, Clallam, Pierce, Chelan, Chelan, Cowlitz, Klickitat, Lewis, Kitsap, Spokane, Lewis, Spokane, Stevens, Jefferson, Asotin, Kittitas, Pierce, Whitman, Walla Walla, Whitman, Stevens, Walla Walla, Stevens, Skagit, Skagit, Grays Harbor, Grant, Island, Clallam, Lincoln, Ferry, Pend Oreille, Kittitas, Snohomish, Lincoln, Columbia, Spokane, Pierce, Walla Walla, Douglas, Kittitas, Spokane, Yakima, Pierce, Snohomish, Kittitas, Grays Harbor, Whitman, Chelan, King, Grant, Lewis, Snohomish, Clark, Stevens, King, Whatcom, Pierce, Benton, Pierce, Spokane, Whitman, Klickitat, Klickitat, Okanogan, Yakima, Yakima, Snohomish, Mason, Spokane, Clark, Thurston, Lincoln, Yakima, King, Clark, Mason, Grays Harbor, Ferry, Snohomish, King, Franklin, Cowlitz, Ferry, Cowlitz, Benton, King, Stevens, Benton, Kittitas, Klickitat, Clark, Skagit, Whitman, Chelan, Grays Harbor, Snohomish, King, Snohomish, Whitman, Spokane, Adams, Cowlitz, Stevens, San Juan, Klickitat, Whatcom, Yakima, Douglas, Chelan, Mason, Snohomish, Stevens, Grays Harbor, Spokane, Spokane, King, Whatcom, Okanogan, Klickitat, Snohomish, Grays Harbor, Lewis, Grant, Lewis, Yakima, Whatcom, Clark, Skagit, Snohomish, Yakima, Lewis, Pacific, Okanogan, Pend Oreille, Spokane, Whatcom, Grays Harbor, Franklin, Kitsap, Mason, Stevens, Pacific, King, Thurston, Whitman, Island, Grays Harbor, Pacific, Grays Harbor, Lincoln, Okanogan, Thurston, Okanogan, Lewis, Stevens, San Juan, Spokane, Ferry, Douglas, Okanogan, Pierce, Adams, Douglas, Whitman, Franklin, Okanogan, Benton, Lewis, Pierce, Mason, Garfield, Clallam, Jefferson, Walla Walla, Benton, Whitman, Pierce, Clallam, Jefferson, Clallam, Grant, Thurston, Pacific, Lincoln, King, Ferry, Benton, Clark, Adams, Spokane, King, Thurston, Klickitat, Whitman, Grant, San Juan, Grays Harbor, King, Skagit, Yakima, Pend Oreille, Clallam, San Juan, Mason, King, Skamania, King, Snohomish, King, Grant, Pacific, Kitsap, Mason, Island, Spokane, Lincoln, Snohomish, Columbia, Franklin, Chelan, Pierce, Whitman, Skamania, Whitman, Snohomish, Stevens, Pierce, Yakima, Pierce, Grays Harbor, King, Whitman, Thurston, Kittitas, Lewis, Okanogan, Yakima, Walla Walla, Cowlitz, Klickitat, King, Thurston, Yakima, Pierce, Stevens, Clark, King, Wahkiakum, Grant, Walla Walla, Walla Walla, Yakima, Grant, Clark, Adams, Douglas, Stevens, Chelan, Spokane, Yakima, Lewis, Pierce, Klickitat, Lincoln, Pacific, Grant, Lewis, Grays Harbor, Klickitat, Cowlitz, Yakima, Thurston, Yakima"
Almira School District,Almira,Lincoln,Washington,,,,,,,,,,
Anacortes School District,Anacortes,Skagit,Washington,,,,,,,,,,
Arlington School District,Arlington,Snohomish,Washington,,,,,,,,,,
Asotin-Anatone School District,Asotin,Asotin,Washington,,,,,,,,,,
Auburn School District,Auburn,King,Washington,,,,,,,,,,
Bainbridge Island School District,Bainbridge Island,Kitsap,Washington,,,,,,,,,,
Battle Ground School District,Battle Ground,Clark,Washington,,,,,,,,,,
Bellevue School District,Bellevue,King,Washington,,,,,,,,,,
Bellingham School District,Bellingham,Whatcom,Washington,,,,,,,,,,
Benge School District,Benge,Adams,Washington,,,,,,,,,,
Bethel School District,Spanaway,Pierce,Washington,,,,,,,,,,
Bickleton School District,Bickleton,Klickitat,Washington,,,,,,,,,,
Blaine School District,Blaine,Whatcom,Washington,,,,,,,,,,
Boistfort School District,Curtis,Lewis,Washington,,,,,,,,,,
Bremerton School District,Bremerton,Kitsap,Washington,,,,,,,,,,
Brewster School District,Brewster,Okanogan,Washington,,,,,,,,,,
Bridgeport School District,Bridgeport,Douglas,Washington,,,,,,,,,,
Brinnon School District,Brinnon,Jefferson,Washington,,,,,,,,,,
Burlington-Edison School District,Burlington,Skagit,Washington,,,,,,,,,,
Camas School District,Camas,Clark,Washington,,,,,,,,,,
Cape Flattery School District,Sekiu,Clallam,Washington,,,,,,,,,,
Carbonado School District,Carbonado,Pierce,Washington,,,,,,,,,,
Cascade School District,Leavenworth,Chelan,Washington,,,,,,,,,,
Cashmere School District,Cashmere,Chelan,Washington,,,,,,,,,,
Castle Rock School District,Castle Rock,Cowlitz,Washington,,,,,,,,,,
Centerville School District,Centerville,Klickitat,Washington,,,,,,,,,,
Centralia School District,Centralia,Lewis,Washington,,,,,,,,,,
Central Kitsap School District,Silverdale,Kitsap,Washington,,,,,,,,,,
Central Valley School District,Spokane Valley,Spokane,Washington,,,,,,,,,,
Chehalis School District,Chehalis,Lewis,Washington,,,,,,,,,,
Cheney School District,Cheney,Spokane,Washington,,,,,,,,,,
Chewelah School District,Chewelah,Stevens,Washington,,,,,,,,,,
Chimacum School District,Chimacum,Jefferson,Washington,,,,,,,,,,
Clarkston School District,Clarkston,Asotin,Washington,,,,,,,,,,
Cle Elum-Roslyn School District,Cle Elum,Kittitas,Washington,,,,,,,,,,
Clover Park School District,Lakewood,Pierce,Washington,,,,,,,,,,
Colfax School District,Colfax,Whitman,Washington,,,,,,,,,,
College Place School District,College Place,Walla Walla,Washington,,,,,,,,,,
Colton School District,Colton,Whitman,Washington,,,,,,,,,,
Columbia School District (Stevens),Hunters,Stevens,Washington,,,,,,,,,,
Columbia School District (Walla Walla),Burbank,Walla Walla,Washington,,,,,,,,,,
Colville School District,Colville,Stevens,Washington,,,,,,,,,,
Concrete School District,Concrete,Skagit,Washington,,,,,,,,,,
Conway School District,Mount Vernon,Skagit,Washington,,,,,,,,,,
Cosmopolis School District,Cosmopolis,Grays Harbor,Washington,,,,,,,,,,
Coulee-Hartline School District,Coulee City,Grant,Washington,,,,,,,,,,
Coupeville School District,Coupeville,Island,Washington,,,,,,,,,,
Crescent School District,Joyce,Clallam,Washington,,,,,,,,,,
Creston School District,Creston,Lincoln,Washington,,,,,,,,,,
Curlew School District,Curlew,Ferry,Washington,,,,,,,,,,
Cusick School District,Cusick,Pend Oreille,Washington,,,,,,,,,,
Damman School District,Ellensburg,Kittitas,Washington,,,,,,,,,,
Darrington School District,Darrington,Snohomish,Washington,,,,,,,,,,
Davenport School District,Davenport,Lincoln,Washington,,,,,,,,,,
Dayton School District,Dayton,Columbia,Washington,,,,,,,,,,
Deer Park School District,Deer Park,Spokane,Washington,,,,,,,,,,
Dieringer School District,Lake Tapps,Pierce,Washington,,,,,,,,,,
Dixie School District,Dixie,Walla Walla,Washington,,,,,,,,,,
Eastmont School District,East Wenatchee,Douglas,Washington,,,,,,,,,,
Easton School District,Easton,Kittitas,Washington,,,,,,,,,,
East Valley School District (Spokane),Spokane,Spokane,Washington,,,,,,,,,,
East Valley School District (Yakima),Yakima,Yakima,Washington,,,,,,,,,,
Eatonville School District,Eatonville,Pierce,Washington,,,,,,,,,,
Edmonds School District,Lynnwood,Snohomish,Washington,,,,,,,,,,
Ellensburg School District,Ellensburg,Kittitas,Washington,,,,,,,,,,
Elma School District,Elma,Grays Harbor,Washington,,,,,,,,,,
Endicott School District,Endicott,Whitman,Washington,,,,,,,,,,
Entiat School District,Entiat,Chelan,Washington,,,,,,,,,,
Enumclaw School District,Enumclaw,King,Washington,,,,,,,,,,
Ephrata School District,Ephrata,Grant,Washington,,,,,,,,,,
Evaline School District,Winlock,Lewis,Washington,,,,,,,,,,
Everett Public Schools,Everett,Snohomish,Washington,,,,,,,,,,
Evergreen Public Schools (Clark),Vancouver,Clark,Washington,,,,,,,,,,
Evergreen School District (Stevens),Kettle Falls,Stevens,Washington,,,,,,,,,,
Federal Way Public Schools,Federal Way,King,Washington,,,,,,,,,,
Ferndale School District,Ferndale,Whatcom,Washington,,,,,,,,,,
Fife Public Schools,Fife,Pierce,Washington,,,,,,,,,,
Finley School District,Kennewick,Benton,Washington,,,,,,,,,,
Franklin Pierce School District,Tacoma,Pierce,Washington,,,,,,,,,,
Freeman School District,Rockford,Spokane,Washington,,,,,,,,,,
Garfield School District,Garfield,Whitman,Washington,,,,,,,,,,
Glenwood School District,Glenwood,Klickitat,Washington,,,,,,,,,,
Goldendale School District,Goldendale,Klickitat,Washington,,,,,,,,,,
Grand Coulee Dam School District,Coulee Dam,Okanogan,Washington,,,,,,,,,,
Grandview School District,Grandview,Yakima,Washington,,,,,,,,,,
Granger School District,Granger,Yakima,Washington,,,,,,,,,,
Granite Falls School District,Granite Falls,Snohomish,Washington,,,,,,,,,,
Grapeview School District,Grapeview,Mason,Washington,,,,,,,,,,
Great Northern School District,Spokane,Spokane,Washington,,,,,,,,,,
Green Mountain School District,Battle Ground,Clark,Washington,,,,,,,,,,
Griffin School District,Olympia,Thurston,Washington,,,,,,,,,,
Harrington School District,Harrington,Lincoln,Washington,,,,,,,,,,
Highland School District,Cowiche,Yakima,Washington,,,,,,,,,,
Highline Public Schools,Burien,King,Washington,,,,,,,,,,
Hockinson School District,Battle Ground,Clark,Washington,,,,,,,,,,
Hood Canal School District,Hoodsport,Mason,Washington,,,,,,,,,,
Hoquiam School District,Hoquiam,Grays Harbor,Washington,,,,,,,,,,
Inchelium School District,Inchelium,Ferry,Washington,,,,,,,,,,
Index School District,Index,Snohomish,Washington,,,,,,,,,,
Issaquah School District,Issaquah,King,Washington,,,,,,,,,,
Kahlotus School District,Kahlotus,Franklin,Washington,,,,,,,,,,
Kalama School District,Kalama,Cowlitz,Washington,,,,,,,,,,
Keller School District,Keller,Ferry,Washington,,,,,,,,,,
Kelso School District,Kelso,Cowlitz,Washington,,,,,,,,,,
Kennewick School District,Kennewick,Benton,Washington,,,,,,,,,,
Kent School District,Kent,King,Washington,,,,,,,,,,
Kettle Falls School District,Kettle Falls,Stevens,Washington,,,,,,,,,,
Kiona-Benton City School District,Benton City,Benton,Washington,,,,,,,,,,
Kittitas School District,Kittitas,Kittitas,Washington,,,,,,,,,,
Klickitat School District,Klickitat,Klickitat,Washington,,,,,,,,,,
La Center School District,La Center,Clark,Washington,,,,,,,,,,
La Conner School District,La Conner,Skagit,Washington,,,,,,,,,,
LaCrosse School District,LaCrosse,Whitman,Washington,,,,,,,,,,
Lake Chelan School District,Chelan,Chelan,Washington,,,,,,,,,,
Lake Quinault School District,Amanda Park,Grays Harbor,Washington,,,,,,,,,,
Lake Stevens School District,Lake Stevens,Snohomish,Washington,,,,,,,,,,
Lake Washington School District,Redmond,King,Washington,,,,,,,,,,
Lakewood School District,Arlington,Snohomish,Washington,,,,,,,,,,
Lamont School District,Lamont,Whitman,Washington,,,,,,,,,,
Liberty School District,Spangle,Spokane,Washington,,,,,,,,,,
Lind School District,Lind,Adams,Washington,,,,,,,,,,
Longview Public Schools,Longview,Cowlitz,Washington,,,,,,,,,,
Loon Lake School District,Loon Lake,Stevens,Washington,,,,,,,,,,
Lopez School District,Lopez Island,San Juan,Washington,,,,,,,,,,
Lyle School District,Lyle,Klickitat,Washington,,,,,,,,,,
Lynden School District,Lynden,Whatcom,Washington,,,,,,,,,,
Mabton School District,Mabton,Yakima,Washington,,,,,,,,,,
Mansfield School District,Mansfield,Douglas,Washington,,,,,,,,,,
Manson School District,Manson,Chelan,Washington,,,,,,,,,,
Mary M. Knight School District,Elma,Mason,Washington,,,,,,,,,,
Marysville School District,Marysville,Snohomish,Washington,,,,,,,,,,
Mary Walker School District,Springdale,Stevens,Washington,,,,,,,,,,
McCleary School District,McCleary,Grays Harbor,Washington,,,,,,,,,,
Mead School District,Spokane,Spokane,Washington,,,,,,,,,,
Medical Lake School District,Medical Lake,Spokane,Washington,,,,,,,,,,
Mercer Island School District,Mercer Island,King,Washington,,,,,,,,,,
Meridian School District,Bellingham,Whatcom,Washington,,,,,,,,,,
Methow Valley School District,Winthrop,Okanogan,Washington,,,,,,,,,,
Mill A School District,White Salmon,Klickitat,Washington,,,,,,,,,,
Monroe School District,Monroe,Snohomish,Washington,,,,,,,,,,
Montesano School District,Montesano,Grays Harbor,Washington,,,,,,,,,,
Morton School District,Morton,Lewis,Washington,,,,,,,,,,
Moses Lake School District,Moses Lake,Grant,Washington,,,,,,,,,,
Mossyrock School District,Mossyrock,Lewis,Washington,,,,,,,,,,
Mount Adams School District,Harrah,Yakima,Washington,,,,,,,,,,
Mount Baker School District,Deming,Whatcom,Washington,,,,,,,,,,
Mount Pleasant School District,Washougal,Clark,Washington,,,,,,,,,,
Mount Vernon School District,Mount Vernon,Skagit,Washington,,,,,,,,,,
Mukilteo School District,Everett,Snohomish,Washington,,,,,,,,,,
Naches Valley School District,Naches,Yakima,Washington,,,,,,,,,,
Napavine School District,Napavine,Lewis,Washington,,,,,,,,,,
Naselle-Grays River Valley School District,Naselle,Pacific,Washington,,,,,,,,,,
Nespelem School District,Nespelem,Okanogan,Washington,,,,,,,,,,
Newport School District,Newport,Pend Oreille,Washington,,,,,,,,,,
Nine Mile Falls School District,Nine Mile Falls,Spokane,Washington,,,,,,,,,,
Nooksack Valley School District,Everson,Whatcom,Washington,,,,,,,,,,
North Beach School District,Ocean Shores,Grays Harbor,Washington,,,,,,,,,,
North Franklin School District,Connell,Franklin,Washington,,,,,,,,,,
North Kitsap School District,Poulsbo,Kitsap,Washington,,,,,,,,,,
North Mason School District,Belfair,Mason,Washington,,,,,,,,,,
Northport School District,Northport,Stevens,Washington,,,,,,,,,,
North River School District,Brooklyn,Pacific,Washington,,,,,,,,,,
Northshore School District,Bothell,King,Washington,,,,,,,,,,
North Thurston Public Schools,Lacey,Thurston,Washington,,,,,,,,,,
Oakesdale School District,Oakesdale,Whitman,Washington,,,,,,,,,,
Oak Harbor School District,Oak Harbor,Island,Washington,,,,,,,,,,
Oakville School District,Oakville,Grays Harbor,Washington,,,,,,,,,,
Ocean Beach School District,Long Beach,Pacific,Washington,,,,,,,,,,
Ocosta School District,Westport,Grays Harbor,Washington,,,,,,,,,,
Odessa School District,Odessa,Lincoln,Washington,,,,,,,,,,
Okanogan School District,Okanogan,Okanogan,Washington,,,,,,,,,,
Olympia School District,Olympia,Thurston,Washington,,,,,,,,,,
Omak School District,Omak,Okanogan,Washington,,,,,,,,,,
Onalaska School District,Onalaska,Lewis,Washington,,,,,,,,,,
Onion Creek School District,Colville,Stevens,Washington,,,,,,,,,,
Orcas Island School District,Eastsound,San Juan,Washington,,,,,,,,,,
Orchard Prairie School District,Spokane,Spokane,Washington,,,,,,,,,,
Orient School District,Orient,Ferry,Washington,,,,,,,,,,
Orondo School District,Orondo,Douglas,Washington,,,,,,,,,,
Oroville School District,Oroville,Okanogan,Washington,,,,,,,,,,
Orting School District,Orting,Pierce,Washington,,,,,,,,,,
Othello School District,Othello,Adams,Washington,,,,,,,,,,
Palisades School District,Palisades,Douglas,Washington,,,,,,,,,,
Palouse School District,Palouse,Whitman,Washington,,,,,,,,,,
Pasco School District,Pasco,Franklin,Washington,,,,,,,,,,
Pateros School District,Pateros,Okanogan,Washington,,,,,,,,,,
Paterson School District,Paterson,Benton,Washington,,,,,,,,,,
Pe Ell School District,Pe Ell,Lewis,Washington,,,,,,,,,,
Peninsula School District,Gig Harbor,Pierce,Washington,,,,,,,,,,
Pioneer School District,Shelton,Mason,Washington,,,,,,,,,,
Pomeroy School District,Pomeroy,Garfield,Washington,,,,,,,,,,
Port Angeles School District,Port Angeles,Clallam,Washington,,,,,,,,,,
Port Townsend School District,Port Townsend,Jefferson,Washington,,,,,,,,,,
Prescott School District,Prescott,Walla Walla,Washington,,,,,,,,,,
Prosser School District,Prosser,Benton,Washington,,,,,,,,,,
Pullman School District,Pullman,Whitman,Washington,,,,,,,,,,
Puyallup School District,Puyallup,Pierce,Washington,,,,,,,,,,
Queets-Clearwater School District,Forks,Clallam,Washington,,,,,,,,,,
Quilcene School District,Quilcene,Jefferson,Washington,,,,,,,,,,
Quillayute Valley School District,Forks,Clallam,Washington,,,,,,,,,,
Quincy School District,Quincy,Grant,Washington,,,,,,,,,,
Rainier School District,Rainier,Thurston,Washington,,,,,,,,,,
Raymond School District,Raymond,Pacific,Washington,,,,,,,,,,
Reardan-Edwall School District,Reardan,Lincoln,Washington,,,,,,,,,,
Renton School District,Renton,King,Washington,,,,,,,,,,
Republic School District,Republic,Ferry,Washington,,,,,,,,,,
Richland School District,Richland,Benton,Washington,,,,,,,,,,
Ridgefield School District,Ridgefield,Clark,Washington,,,,,,,,,,
Ritzville School District,Ritzville,Adams,Washington,,,,,,,,,,
Riverside School District,Chattaroy,Spokane,Washington,,,,,,,,,,
Riverview School District,Carnation,King,Washington,,,,,,,,,,
Rochester School District,Rochester,Thurston,Washington,,,,,,,,,,
Roosevelt School District,Roosevelt,Klickitat,Washington,,,,,,,,,,
Rosalia School District,Rosalia,Whitman,Washington,,,,,,,,,,
Royal School District,Royal City,Grant,Washington,,,,,,,,,,
San Juan Island School District,Friday Harbor,San Juan,Washington,,,,,,,,,,
Satsop School District,Satsop,Grays Harbor,Washington,,,,,,,,,,
Seattle Public Schools,Seattle,King,Washington,,,,,,,,,,
Sedro-Woolley School District,Sedro-Woolley,Skagit,Washington,,,,,,,,,,
Selah School District,Selah,Yakima,Washington,,,,,,,,,,
Selkirk School District,Ione,Pend Oreille,Washington,,,,,,,,,,
Sequim School District,Sequim,Clallam,Washington,,,,,,,,,,
Shaw Island School District,Shaw Island,San Juan,Washington,,,,,,,,,,
Shelton School District,Shelton,Mason,Washington,,,,,,,,,,
Shoreline School District,Shoreline,King,Washington,,,,,,,,,,
Skamania School District,Stevenson,Skamania,Washington,,,,,,,,,,
Skykomish School District,Skykomish,King,Washington,,,,,,,,,,
Snohomish School District,Snohomish,Snohomish,Washington,,,,,,,,,,
Snoqualmie Valley School District,Snoqualmie,King,Washington,,,,,,,,,,
Soap Lake School District,Soap Lake,Grant,Washington,,,,,,,,,,
South Bend School District,South Bend,Pacific,Washington,,,,,,,,,,
South Kitsap School District,Port Orchard,Kitsap,Washington,,,,,,,,,,
Southside School District,Shelton,Mason,Washington,,,,,,,,,,
South Whidbey School District,Langley,Island,Washington,,,,,,,,,,
Spokane Public Schools,Spokane,Spokane,Washington,,,,,,,,,,
Sprague School District,Sprague,Lincoln,Washington,,,,,,,,,,
Stanwood-Camano School District,Stanwood,Snohomish,Washington,,,,,,,,,,
Starbuck School District,Starbuck,Columbia,Washington,,,,,,,,,,
Star School District,Pasco,Franklin,Washington,,,,,,,,,,
Stehekin School District,Stehekin,Chelan,Washington,,,,,,,,,,
Steilacoom Historical School District,Steilacoom,Pierce,Washington,,,,,,,,,,
Steptoe School District,Colfax,Whitman,Washington,,,,,,,,,,
Stevenson-Carson School District,Stevenson,Skamania,Washington,,,,,,,,,,
St. John School District,St. John,Whitman,Washington,,,,,,,,,,
Sultan School District,Sultan,Snohomish,Washington,,,,,,,,,,
Summit Valley School District,Addy,Stevens,Washington,,,,,,,,,,
Sumner-Bonney Lake School District,Sumner,Pierce,Washington,,,,,,,,,,
Sunnyside School District,Sunnyside,Yakima,Washington,,,,,,,,,,
Tacoma Public Schools,Tacoma,Pierce,Washington,,,,,,,,,,
Taholah School District,Taholah,Grays Harbor,Washington,,,,,,,,,,
Tahoma School District,Maple Valley,King,Washington,,,,,,,,,,
Tekoa School District,Tekoa,Whitman,Washington,,,,,,,,,,
Tenino School District,Tenino,Thurston,Washington,,,,,,,,,,
Thorp School District,Thorp,Kittitas,Washington,,,,,,,,,,
Toledo School District,Toledo,Lewis,Washington,,,,,,,,,,
Tonasket School District,Tonasket,Okanogan,Washington,,,,,,,,,,
Toppenish School District,Toppenish,Yakima,Washington,,,,,,,,,,
Touchet School District,Touchet,Walla Walla,Washington,,,,,,,,,,
Toutle Lake School District,Toutle,Cowlitz,Washington,,,,,,,,,,
Trout Lake School District,Trout Lake,Klickitat,Washington,,,,,,,,,,
Tukwila School District,Tukwila,King,Washington,,,,,,,,,,
Tumwater School District,Tumwater,Thurston,Washington,,,,,,,,,,
Union Gap School District,Union Gap,Yakima,Washington,,,,,,,,,,
University Place School District,University Place,Pierce,Washington,,,,,,,,,,
Valley School District,Valley,Stevens,Washington,,,,,,,,,,
Vancouver Public Schools,Vancouver,Clark,Washington,,,,,,,,,,
Vashon Island School District,Vashon,King,Washington,,,,,,,,,,
Wahkiakum School District,Cathlamet,Wahkiakum,Washington,,,,,,,,,,
Wahluke School District,Mattawa,Grant,Washington,,,,,,,,,,
Waitsburg School District,Waitsburg,Walla Walla,Washington,,,,,,,,,,
Walla Walla School District,Walla Walla,Walla Walla,Washington,,,,,,,,,,
Wapato School District,Wapato,Yakima,Washington,,,,,,,,,,
Warden School District,Warden,Grant,Washington,,,,,,,,,,
Washougal School District,Washougal,Clark,Washington,,,,,,,,,,
Washtucna School District,Washtucna,Adams,Washington,,,,,,,,,,
Waterville School District,Waterville,Douglas,Washington,,,,,,,,,,
Wellpinit School District,Wellpinit,Stevens,Washington,,,,,,,,,,
Wenatchee School District,Wenatchee,Chelan,Washington,,,,,,,,,,
West Valley School District (Spokane),Spokane,Spokane,Washington,,,,,,,,,,
West Valley School District (Yakima),Yakima,Yakima,Washington,,,,,,,,,,
White Pass School District,Randle,Lewis,Washington,,,,,,,,,,
White River School District,Buckley,Pierce,Washington,,,,,,,,,,
White Salmon Valley School District,White Salmon,Klickitat,Washington,,,,,,,,,,
Wilbur School District,Wilbur,Lincoln,Washington,,,,,,,,,,
Willapa Valley School District,Raymond,Pacific,Washington,,,,,,,,,,
Wilson Creek School District,Wilson Creek,Grant,Washington,,,,,,,,,,
Winlock School District,Winlock,Lewis,Washington,,,,,,,,,,
Wishkah Valley School District,Aberdeen,Grays Harbor,Washington,,,,,,,,,,
Wishram School District,Wishram,Klickitat,Washington,,,,,,,,,,
Woodland School District,Woodland,Cowlitz,Washington,,,,,,,,,,
Yakima School District,Yakima,Yakima,Washington,,,,,,,,,,
Yelm School District,Yelm,Thurston,Washington,,,,,,,,,,
Zillah School District,Zillah,Yakima,Washington,,,,,,,,,,